game_season,game_result,game_location,mp,fg,fga,fg_pct,fg3,fg3a,fg3_pct,ft,fta,ft_pct,orb,drb,trb,ast,stl,blk,pf,tov,pts,plus_minus
1,L (-1),home,35:39,7,12,.583,0,1,.000,0,0,,1,1,2,7,4,0,2,2,14,+7
2,L (-22),away,39:05,5,9,.556,2,3,.667,0,0,,0,2,2,4,1,0,5,3,12,-19
3,W (+8),home,28:27,3,6,.500,1,2,.500,0,0,,0,5,5,9,2,0,4,1,7,-4
4,L (-28),home,21:32,1,5,.200,0,1,.000,3,4,.750,0,1,1,3,0,0,6,0,5,-13
5,L (-13),away,31:15,4,8,.500,1,2,.500,0,2,.000,1,3,4,6,0,0,4,5,9,-5
6,W (+41),home,29:49,2,8,.250,1,2,.500,3,4,.750,0,2,2,5,1,0,1,2,8,+28
7,L (-14),away,21:11,3,7,.429,0,2,.000,0,0,,0,1,1,4,1,0,2,3,6,-13
8,W (+14),away,2:35,0,0,,0,0,,0,0,,0,0,0,0,0,1,1,0,0,+3
9,L (-4),away,25:57,6,9,.667,2,2,1.000,0,0,,1,3,4,2,2,1,5,1,14,+2
10,L (-6),away,41:18,6,10,.600,2,6,.333,0,1,.000,0,5,5,7,0,0,2,3,14,-4
11,L (-14),away,35:24,4,10,.400,1,4,.250,4,4,1.000,0,0,0,7,4,0,3,6,13,+5
12,W (+14),home,45:34,3,9,.333,2,3,.667,4,5,.800,0,6,6,8,1,1,6,1,12,+18
13,W (+8),away,34:48,6,12,.500,2,4,.500,4,4,1.000,1,3,4,6,3,0,5,4,18,+16
14,L (-14),away,34:12,5,16,.313,1,4,.250,0,0,,1,6,7,5,1,2,3,6,11,-7
15,L (-33),home,36:01,5,15,.333,1,5,.200,2,2,1.000,1,3,4,8,0,0,0,1,13,-23
16,W (+19),home,19:50,2,5,.400,1,2,.500,2,2,1.000,0,2,2,4,3,0,2,2,7,-7
17,L (-28),away,40:42,4,14,.286,2,6,.333,0,0,,1,3,4,6,2,2,2,1,10,-14
18,L (-2),home,31:51,4,8,.500,1,3,.333,2,2,1.000,1,4,5,2,2,1,3,4,11,-3
19,L (-8),home,46:09,6,12,.500,0,2,.000,1,1,1.000,0,3,3,3,1,0,4,3,13,-8
20,L (-16),away,36:26,9,14,.643,2,4,.500,2,2,1.000,0,4,4,2,4,0,5,5,22,-17
21,W (+16),away,30:12,6,13,.462,1,4,.250,1,2,.500,1,3,4,4,3,0,4,4,14,+7
22,L (-5),away,27:15,3,9,.333,0,3,.000,0,0,,0,3,3,1,1,0,0,0,6,-8
23,L (-9),away,37:50,5,10,.500,3,4,.750,6,6,1.000,0,2,2,4,4,1,4,4,19,-11
24,L (-16),away,36:24,5,13,.385,1,4,.250,3,4,.750,0,4,4,4,4,1,5,4,14,-14
25,L (-12),home,25:03,4,11,.364,0,2,.000,0,0,,1,3,4,3,4,0,5,1,8,-12
26,L (-9),home,46:15,9,17,.529,5,9,.556,4,4,1.000,1,7,8,4,3,0,4,2,27,-10
27,L (-13),away,41:17,6,15,.400,2,6,.333,0,0,,1,6,7,8,0,0,2,4,14,-3
28,L (-6),away,47:01,6,13,.462,3,5,.600,2,2,1.000,0,10,10,7,2,0,5,2,17,-1
29,W (+5),home,26:33,4,10,.400,3,4,.750,2,2,1.000,1,2,3,4,3,0,4,1,13,+6
30,W (+4),home,10:41,0,4,.000,0,1,.000,0,1,.000,0,2,2,0,1,0,3,1,0,-16
31,L (-6),away,23:20,6,10,.600,0,1,.000,3,3,1.000,1,2,3,3,0,0,3,4,15,-7
32,L (-16),away,29:00,4,10,.400,1,2,.500,0,0,,0,1,1,1,1,0,4,3,9,-6
33,L (-1),away,40:18,10,13,.769,6,6,1.000,0,0,,0,5,5,6,3,0,3,2,26,-1
34,W (+6),away,30:11,7,11,.636,0,2,.000,2,2,1.000,0,1,1,4,2,0,6,1,16,+11
35,W (+7),home,34:08,5,10,.500,1,2,.500,1,2,.500,0,3,3,4,1,0,3,2,12,+5
36,L (-3),home,36:07,8,15,.533,1,2,.500,4,5,.800,0,7,7,5,1,1,4,2,21,+1
37,L (-13),home,32:34,3,10,.300,3,5,.600,0,0,,1,3,4,4,0,0,1,4,9,-12
38,L (-9),home,48:00,7,17,.412,1,4,.250,3,3,1.000,0,6,6,4,6,1,6,4,18,-9
39,W (+17),home,43:28,9,18,.500,5,8,.625,3,3,1.000,2,8,10,6,1,1,4,5,26,+21
40,L (-5),home,48:47,6,17,.353,3,8,.375,0,0,,0,3,3,6,1,0,2,3,15,-2
41,W (+32),home,48:00,11,21,.524,3,7,.429,7,8,.875,0,2,2,7,4,0,4,2,32,+32
42,L (-9),away,40:26,10,25,.400,4,9,.444,1,1,1.000,0,5,5,2,0,0,4,1,25,-10
43,L (-3),away,44:42,10,22,.455,3,10,.300,4,5,.800,1,8,9,6,3,0,3,1,27,+9
44,L (-13),home,40:39,7,13,.538,1,3,.333,0,0,,0,5,5,8,3,0,4,5,15,-5
45,L (-11),home,41:00,8,15,.533,2,4,.500,4,4,1.000,0,1,1,9,3,0,3,1,22,0
46,L (-8),away,35:52,4,10,.400,2,2,1.000,4,4,1.000,2,2,4,5,1,0,2,5,14,-18
47,L (-22),away,29:52,6,18,.333,2,5,.400,0,0,,1,1,2,4,1,0,1,0,14,-22
48,L (-9),away,26:54,1,6,.167,0,2,.000,4,4,1.000,0,0,0,3,0,0,2,3,6,-8
49,L (-9),home,27:05,9,15,.600,3,7,.429,2,3,.667,0,1,1,4,2,0,3,3,23,+2
50,L (-10),home,48:00,9,20,.450,1,5,.200,6,6,1.000,0,2,2,9,2,0,4,3,25,-10
51,W (+30),home,45:47,11,22,.500,7,11,.636,7,8,.875,0,10,10,13,3,0,4,6,36,+35
52,L (-10),away,43:38,5,21,.238,1,10,.100,0,0,,0,10,10,8,1,0,5,4,11,-4
53,W (+32),home,39:37,10,15,.667,1,4,.250,3,3,1.000,1,5,6,15,3,0,2,3,24,+36
54,L (-11),home,39:00,4,9,.444,3,6,.500,2,2,1.000,1,5,6,7,3,0,1,10,13,0
55,W (+4),home,45:25,13,18,.722,1,3,.333,5,5,1.000,2,7,9,3,1,0,3,5,32,+5
56,L (-8),home,37:59,8,22,.364,1,8,.125,0,1,.000,1,5,6,5,0,0,2,2,17,-17
57,L (-15),home,41:39,11,19,.579,2,5,.400,6,6,1.000,1,6,7,13,2,1,1,2,30,-24
58,W (+7),home,48:00,11,25,.440,3,6,.500,2,3,.667,1,4,5,4,1,0,4,5,27,+7
59,L (-4),away,43:27,7,17,.412,3,8,.375,1,1,1.000,0,2,2,8,2,0,5,3,18,+1
60,L (-27),away,32:11,3,12,.250,1,2,.500,2,2,1.000,0,3,3,7,2,0,2,5,9,-25
61,L (-5),away,48:00,11,19,.579,5,9,.556,4,4,1.000,1,4,5,11,2,0,1,7,31,-5
62,L (-11),away,48:00,8,23,.348,4,8,.500,5,6,.833,2,3,5,4,0,0,1,3,25,-11
63,L (-4),away,33:59,5,13,.385,2,4,.500,0,0,,0,3,3,6,1,0,2,4,12,-14
64,L (-5),home,33:03,6,15,.400,2,7,.286,1,1,1.000,2,3,5,3,2,0,5,4,15,-10
65,W (+12),home,42:21,13,21,.619,5,8,.625,4,4,1.000,2,4,6,10,4,1,1,2,35,+6
66,L (-3),home,33:50,11,19,.579,5,9,.556,2,2,1.000,0,5,5,9,1,0,4,0,29,-9
67,L (-16),away,25:20,4,10,.400,1,3,.333,0,0,,0,4,4,6,0,1,2,2,9,-4
68,L (-2),home,33:55,6,15,.400,2,5,.400,0,0,,1,3,4,8,4,0,4,1,14,-8
69,W (+18),home,40:23,12,19,.632,4,6,.667,2,2,1.000,1,4,5,11,4,0,3,7,30,+27
70,L (-21),home,36:52,6,16,.375,3,5,.600,2,2,1.000,0,7,7,6,2,0,1,7,17,-5
71,W (+18),away,39:52,8,15,.533,2,2,1.000,0,0,,1,3,4,7,1,0,5,3,18,+17
72,L (-24),away,33:37,6,16,.375,1,4,.250,2,3,.667,1,1,2,6,0,0,5,4,15,-14
73,W (+11),home,29:23,7,21,.333,1,5,.200,0,0,,1,3,4,10,1,0,1,2,15,-4
74,W (+1),away,44:14,10,23,.435,5,11,.455,4,6,.667,1,7,8,12,3,2,4,5,29,+5
75,L (-18),away,33:21,10,21,.476,3,6,.500,4,4,1.000,0,1,1,4,2,0,2,2,27,-21
76,W (+9),away,44:15,12,22,.545,3,5,.600,0,0,,2,6,8,14,7,0,4,4,27,+5
77,L (-3),away,41:13,10,19,.526,5,10,.500,4,4,1.000,0,9,9,4,3,0,5,3,29,0
78,W (+3),home,34:34,9,16,.563,3,6,.500,4,6,.667,1,6,7,7,1,0,2,4,25,+3
79,L (-9),home,40:40,5,15,.333,1,4,.250,6,6,1.000,1,4,5,6,2,0,4,2,17,-14
80,W (+6),away,48:00,13,25,.520,4,6,.667,12,12,1.000,3,6,9,8,2,1,0,2,42,+6
1,W (+4),home,39:04,9,16,.563,3,6,.500,4,4,1.000,1,1,2,11,0,1,4,5,25,+4
2,W (+18),home,26:53,7,9,.778,1,3,.333,1,3,.333,0,2,2,6,2,0,2,2,16,+17
3,W (+7),home,32:59,7,17,.412,1,4,.250,5,5,1.000,0,1,1,6,2,0,5,5,20,+8
4,L (-5),away,28:59,3,12,.250,0,3,.000,4,4,1.000,1,3,4,6,2,0,4,2,10,-3
5,W (+7),away,36:27,12,21,.571,2,4,.500,8,8,1.000,2,3,5,4,3,0,2,5,34,+13
6,W (+5),away,45:03,11,20,.550,1,1,1.000,2,3,.667,0,6,6,8,2,1,4,2,25,+6
7,L (-30),away,30:58,7,18,.389,2,5,.400,1,2,.500,0,3,3,6,5,0,2,5,17,-13
8,L (-7),away,30:02,3,14,.214,0,3,.000,1,2,.500,1,1,2,4,3,1,5,2,7,-12
9,W (+4),home,29:30,7,14,.500,2,3,.667,5,5,1.000,0,5,5,4,2,0,6,3,21,+15
10,L (-6),home,42:12,9,21,.429,3,6,.500,8,9,.889,0,5,5,8,1,0,4,4,29,-3
11,L (-28),away,24:09,5,10,.500,1,3,.333,2,2,1.000,0,3,3,2,1,2,3,0,13,-26
12,L (-17),home,40:36,8,21,.381,1,6,.167,0,0,,1,6,7,5,3,0,3,2,17,-19
13,L (-10),away,35:33,8,19,.421,0,2,.000,5,5,1.000,0,4,4,6,4,0,6,1,21,-11
14,L (-5),away,30:18,8,13,.615,4,5,.800,6,6,1.000,0,2,2,4,1,0,5,3,26,-1
15,W (+10),away,27:33,6,10,.600,2,3,.667,6,7,.857,0,3,3,7,3,0,5,1,20,+16
16,L (-20),home,40:06,13,22,.591,3,6,.500,3,3,1.000,1,2,3,5,1,1,2,5,32,-14
17,L (-6),home,34:09,4,10,.400,1,3,.333,0,0,,1,0,1,7,4,0,4,4,9,-6
18,L (-5),away,45:51,14,20,.700,4,7,.571,7,7,1.000,0,1,1,6,2,1,5,5,39,-9
19,L (-5),away,41:33,8,16,.500,3,5,.600,2,2,1.000,1,5,6,4,2,0,2,6,21,-2
20,L (-17),away,10:51,0,2,.000,0,0,,0,0,,0,1,1,3,0,0,2,2,0,-15
21,W (+7),home,29:18,2,15,.133,0,5,.000,0,0,,1,3,4,11,0,0,2,2,4,+7
22,W (+15),home,28:20,5,13,.385,4,6,.667,3,3,1.000,0,5,5,8,1,0,5,2,17,+18
23,L (-10),away,28:58,4,13,.308,0,3,.000,1,1,1.000,1,4,5,12,0,0,2,3,9,-1
24,W (+1),away,36:06,10,17,.588,4,5,.800,0,0,,0,1,1,3,1,0,3,3,24,+6
25,L (-7),away,35:51,7,12,.583,1,2,.500,0,0,,1,1,2,6,3,0,5,1,15,-12
26,L (-20),away,35:00,5,13,.385,3,6,.500,2,2,1.000,0,6,6,5,2,0,3,5,15,-13
27,W (+7),away,39:54,6,11,.545,1,3,.333,8,8,1.000,1,2,3,5,4,0,3,2,21,+8
28,W (+18),home,24:30,4,7,.571,3,4,.750,4,4,1.000,0,2,2,4,2,1,2,0,15,+15
29,L (-14),away,25:58,2,13,.154,0,6,.000,4,5,.800,0,5,5,4,1,0,4,2,8,-13
30,L (-5),home,37:51,5,12,.417,1,6,.167,4,4,1.000,1,3,4,10,2,0,3,3,15,+2
31,W (+10),home,27:09,7,15,.467,5,7,.714,4,4,1.000,1,3,4,4,1,0,2,2,23,+9
32,W (+9),home,23:04,4,10,.400,2,5,.400,3,4,.750,0,2,2,6,0,1,4,2,13,+11
33,W (+2),home,32:36,4,10,.400,0,3,.000,3,3,1.000,0,4,4,8,2,0,1,1,11,+17
34,W (+7),home,44:10,12,21,.571,3,7,.429,7,7,1.000,1,2,3,3,4,0,2,4,34,+7
35,L (-4),away,40:50,12,23,.522,3,9,.333,5,5,1.000,2,4,6,8,1,1,5,2,32,+9
36,L (-11),home,36:02,6,15,.400,2,5,.400,0,0,,1,5,6,5,0,1,4,4,14,-4
37,L (-9),home,39:15,8,13,.615,1,3,.333,3,3,1.000,0,3,3,6,2,0,1,5,20,-4
38,L (-8),home,43:13,8,12,.667,4,5,.800,7,7,1.000,0,3,3,5,2,0,5,3,27,-3
39,W (+15),home,34:33,10,18,.556,3,8,.375,4,4,1.000,1,5,6,7,2,1,2,2,27,+13
40,W (+6),home,33:30,6,11,.545,2,4,.500,2,2,1.000,1,4,5,5,1,1,2,7,16,+4
41,W (+11),home,44:17,9,15,.600,2,4,.500,3,3,1.000,1,5,6,8,1,0,1,2,23,+14
42,L (-12),home,44:17,7,17,.412,0,6,.000,1,1,1.000,0,2,2,8,1,0,1,5,15,-12
43,W (+2),home,29:19,5,9,.556,1,3,.333,2,2,1.000,0,1,1,2,0,0,4,3,13,-2
44,L (-24),away,24:49,5,9,.556,2,3,.667,0,0,,0,2,2,2,1,0,0,4,12,-26
45,W (+6),home,37:48,10,18,.556,2,5,.400,1,1,1.000,0,2,2,13,2,0,2,0,23,+17
46,W (+13),home,24:21,5,5,1.000,3,3,1.000,1,1,1.000,0,0,0,8,1,0,3,3,14,+13
47,W (+7),away,21:30,1,7,.143,0,3,.000,2,2,1.000,0,0,0,4,2,0,5,1,4,-6
48,L (-22),home,30:03,7,10,.700,1,2,.500,3,5,.600,0,4,4,2,1,0,4,5,18,-15
49,L (-16),home,30:00,2,7,.286,0,2,.000,3,3,1.000,1,1,2,5,0,0,1,3,7,-27
50,L (-3),away,44:30,13,21,.619,5,7,.714,2,2,1.000,1,10,11,2,2,0,1,2,33,+4
51,L (-9),away,34:53,7,17,.412,4,8,.500,2,2,1.000,1,5,6,7,0,1,5,5,20,-19
52,W (+4),away,36:47,9,18,.500,3,7,.429,8,9,.889,2,7,9,5,1,0,2,3,29,-8
53,L (-4),away,31:30,4,11,.364,1,4,.250,0,0,,2,1,3,5,0,0,3,4,9,-8
54,L (-8),away,35:12,8,16,.500,1,3,.333,5,5,1.000,0,1,1,7,0,2,3,4,22,+6
55,W (+10),away,39:12,10,18,.556,2,5,.400,1,1,1.000,4,3,7,6,2,1,3,3,23,+20
56,L (-4),away,30:17,6,15,.400,2,4,.500,1,1,1.000,0,3,3,3,2,0,3,3,15,-13
57,W (+3),home,39:49,8,19,.421,4,10,.400,2,2,1.000,0,4,4,12,3,0,4,5,22,+1
58,W (+23),home,37:55,8,15,.533,4,6,.667,4,4,1.000,1,8,9,6,2,0,2,1,24,+18
59,L (-10),away,23:56,7,14,.500,5,8,.625,0,0,,0,3,3,1,1,1,1,3,19,-12
60,L (-6),home,32:14,4,10,.400,2,4,.500,0,1,.000,0,0,0,5,1,0,2,3,10,-10
61,L (-11),away,34:40,6,13,.462,2,5,.400,1,1,1.000,1,1,2,5,0,0,3,2,15,-18
62,L (-28),away,31:02,4,12,.333,1,3,.333,2,3,.667,1,5,6,6,0,0,4,2,11,-8
63,L (-15),away,19:57,3,8,.375,1,2,.500,1,1,1.000,0,0,0,2,0,0,4,1,8,-12
64,L (-19),away,29:58,7,16,.438,2,3,.667,0,0,,3,3,6,6,1,0,4,4,16,-14
65,W (+38),home,36:19,7,13,.538,4,6,.667,5,5,1.000,0,3,3,8,0,0,2,3,23,+43
66,W (+10),home,28:17,3,11,.273,1,4,.250,3,3,1.000,1,4,5,4,1,1,5,5,10,+11
67,L (-1),away,48:31,13,23,.565,5,8,.625,4,4,1.000,1,5,6,5,2,0,3,6,35,+6
68,L (-19),away,31:05,2,14,.143,1,6,.167,1,1,1.000,4,2,6,9,1,0,4,6,6,-21
69,W (+7),home,31:31,3,8,.375,1,3,.333,5,5,1.000,0,4,4,8,2,0,5,3,12,+9
70,W (+21),away,42:06,10,21,.476,3,5,.600,5,6,.833,1,7,8,4,2,1,2,2,28,+20
71,W (+8),home,42:05,8,23,.348,2,6,.333,2,2,1.000,2,4,6,5,2,0,3,2,20,+2
72,L (-1),home,32:18,11,17,.647,3,6,.500,2,2,1.000,3,3,6,8,1,0,4,3,27,+1
73,L (-23),away,35:32,10,13,.769,3,4,.750,4,4,1.000,1,4,5,5,0,0,1,5,27,-8
74,W (+24),home,24:09,7,11,.636,2,4,.500,2,2,1.000,0,3,3,9,0,0,4,1,18,+16
1,L (-19),home,33:28,2,12,.167,0,4,.000,0,1,.000,2,3,5,4,2,2,4,5,4,-5
2,W (+8),home,37:29,7,12,.583,1,3,.333,6,7,.857,1,6,7,10,6,0,4,4,21,+11
3,L (-28),home,30:17,9,15,.600,3,8,.375,0,0,,0,4,4,4,0,0,3,5,21,-22
4,L (-11),away,23:22,4,8,.500,2,3,.667,0,0,,0,2,2,2,1,0,5,2,10,-3
5,L (-6),away,30:21,7,11,.636,3,4,.750,3,3,1.000,0,3,3,8,0,0,2,2,20,+2
6,L (-3),home,29:04,5,15,.333,2,6,.333,0,0,,1,1,2,3,0,0,2,3,12,-4
7,L (-1),home,36:05,8,18,.444,2,7,.286,0,0,,3,3,6,5,3,0,3,5,18,-7
8,W (+8),home,37:54,12,19,.632,6,8,.750,2,3,.667,0,6,6,7,4,0,0,1,32,+7
9,L (-11),home,27:22,6,16,.375,2,7,.286,1,1,1.000,0,2,2,6,2,0,4,4,15,-9
10,W (+3),home,26:00,1,7,.143,0,3,.000,1,2,.500,0,3,3,8,1,1,1,0,3,+3
11,W (+18),home,38:15,10,14,.714,2,5,.400,7,8,.875,0,5,5,12,3,0,4,3,29,+18
12,L (-8),away,29:02,4,14,.286,3,8,.375,0,0,,2,0,2,9,4,0,1,5,11,-11
13,L (-3),home,42:56,7,9,.778,1,2,.500,1,2,.500,1,6,7,10,2,0,3,3,16,+13
14,W (+8),away,35:55,13,17,.765,6,9,.667,4,7,.571,0,7,7,7,0,2,3,1,36,+15
15,W (+9),home,34:09,5,14,.357,3,6,.500,1,1,1.000,0,0,0,5,2,0,4,2,14,+4
16,W (+6),home,31:53,3,10,.300,1,4,.250,2,2,1.000,2,5,7,5,1,0,2,2,9,+2
17,L (-2),home,37:44,3,10,.300,0,2,.000,2,2,1.000,1,2,3,8,2,2,2,2,8,+7
18,L (-23),away,27:56,4,13,.308,3,5,.600,0,0,,1,1,2,4,0,0,2,4,11,-12
19,L (-1),away,40:14,13,21,.619,6,9,.667,4,4,1.000,1,1,2,6,2,0,5,2,36,+9
20,W (+7),home,33:16,3,6,.500,3,5,.600,2,2,1.000,0,3,3,6,0,1,3,3,11,+16
21,W (+2),away,10:00,3,7,.429,1,3,.333,2,2,1.000,0,0,0,2,2,0,1,1,9,+13
22,W (+3),away,0:03,0,0,,0,0,,0,0,,0,0,0,0,0,0,0,0,0,+2
23,W (+20),away,9:18,5,7,.714,2,3,.667,0,0,,0,1,1,1,1,0,1,0,12,+10
24,L (-18),home,24:16,7,11,.636,1,2,.500,0,0,,0,4,4,3,0,0,3,2,15,+4
25,W (+24),home,16:19,4,7,.571,2,4,.500,0,0,,0,2,2,2,1,0,0,3,10,+10
26,W (+4),away,9:13,0,3,.000,0,1,.000,0,0,,0,3,3,1,0,0,0,1,0,+6
1,W (+2),away,30:22,2,14,.143,0,6,.000,1,3,.333,3,4,7,3,2,0,3,4,5,-2
2,L (-10),home,42:30,10,20,.500,6,10,.600,0,1,.000,1,4,5,7,1,0,3,4,26,-7
3,W (+4),away,43:02,6,16,.375,2,7,.286,9,10,.900,0,4,4,4,3,0,4,5,23,+6
4,L (-2),away,39:02,3,15,.200,2,6,.333,4,5,.800,1,5,6,8,1,0,2,3,12,0
5,W (+10),home,36:28,8,14,.571,2,6,.333,3,3,1.000,0,5,5,6,2,0,3,3,21,+7
6,L (-24),away,30:16,6,16,.375,2,6,.333,4,4,1.000,0,3,3,5,1,0,0,0,18,-19
7,L (-6),home,37:12,7,17,.412,3,6,.500,2,2,1.000,0,5,5,3,3,0,5,4,19,-5
8,W (+4),home,32:31,4,12,.333,0,5,.000,4,4,1.000,0,1,1,7,3,0,3,4,12,+1
9,W (+8),away,29:09,7,12,.583,0,3,.000,3,3,1.000,2,2,4,6,1,1,6,3,17,+19
10,L (-10),away,33:21,9,17,.529,4,8,.500,0,0,,1,1,2,6,0,0,2,3,22,-11
11,W (+4),away,43:16,9,21,.429,3,7,.429,10,10,1.000,0,6,6,9,2,0,2,4,31,+3
12,W (+9),home,41:35,7,13,.538,2,4,.500,9,10,.900,0,6,6,4,0,0,2,2,25,+9
13,L (-11),away,25:46,2,5,.400,2,2,1.000,0,0,,0,1,1,3,0,0,4,4,6,-18
14,W (+11),home,38:53,7,19,.368,5,10,.500,1,1,1.000,0,2,2,6,1,0,3,3,20,+22
15,W (+1),home,45:07,7,17,.412,4,7,.571,2,2,1.000,1,3,4,10,4,0,4,3,20,+2
16,W (+11),home,37:07,7,14,.500,3,5,.600,3,3,1.000,0,1,1,11,2,0,4,4,20,+6
17,L (-8),home,44:12,9,21,.429,3,6,.500,4,5,.800,1,4,5,11,2,0,0,1,25,-3
18,W (+7),away,37:16,7,15,.467,4,6,.667,4,4,1.000,0,3,3,10,4,0,2,1,22,+10
19,W (+7),away,42:59,10,19,.526,5,9,.556,3,3,1.000,1,3,4,5,2,0,1,0,28,+8
20,W (+4),away,35:28,7,15,.467,2,8,.250,6,7,.857,1,2,3,5,0,0,1,4,22,-5
21,W (+8),away,36:33,10,22,.455,4,7,.571,3,4,.750,1,6,7,7,1,0,5,3,27,+3
22,W (+2),away,41:45,4,10,.400,1,3,.333,0,0,,0,3,3,7,2,0,0,6,9,+9
23,L (-14),away,42:54,8,19,.421,2,5,.400,7,8,.875,1,2,3,3,0,0,0,1,25,-6
24,W (+22),away,36:12,6,20,.300,3,11,.273,3,3,1.000,0,8,8,11,3,0,1,4,18,+20
25,W (+7),home,39:17,5,13,.385,1,3,.333,2,2,1.000,2,3,5,3,0,0,2,2,13,+3
26,L (-4),away,41:46,11,24,.458,7,12,.583,3,3,1.000,0,6,6,4,1,1,6,4,32,0
27,W (+15),home,35:41,9,17,.529,8,13,.615,1,1,1.000,0,3,3,8,0,2,2,2,27,+7
28,L (-3),home,44:31,8,23,.348,3,10,.300,1,1,1.000,1,7,8,7,4,0,4,4,20,+6
29,W (+11),away,37:51,7,18,.389,4,7,.571,5,6,.833,2,6,8,7,1,1,0,2,23,+12
30,W (+7),home,39:23,5,11,.455,1,4,.250,0,0,,0,5,5,6,1,0,3,4,11,+7
31,W (+18),home,34:43,8,13,.615,4,5,.800,2,2,1.000,1,3,4,9,3,2,3,5,22,+19
32,W (+21),home,43:09,11,16,.688,6,8,.750,3,4,.750,1,5,6,8,2,0,3,4,31,+27
33,L (-26),away,29:00,4,11,.364,1,5,.200,1,1,1.000,0,0,0,5,0,0,0,2,10,-31
34,L (-7),home,40:31,10,22,.455,4,8,.500,0,1,.000,1,3,4,4,2,0,2,4,24,-12
35,W (+6),home,43:36,7,22,.318,3,8,.375,5,5,1.000,0,3,3,12,3,1,1,1,22,-1
36,L (-11),away,41:01,11,18,.611,7,9,.778,0,0,,0,0,0,7,1,0,4,1,29,-13
37,W (+4),away,38:29,5,17,.294,2,8,.250,8,10,.800,1,2,3,7,4,0,2,1,20,+11
38,W (+7),home,36:38,9,14,.643,6,8,.750,4,4,1.000,0,3,3,6,0,0,4,2,28,+7
39,W (+5),home,41:36,11,27,.407,3,14,.214,6,6,1.000,1,2,3,7,4,0,1,2,31,+8
40,L (-16),away,36:39,7,18,.389,3,7,.429,4,4,1.000,0,1,1,1,0,0,1,2,21,-15
41,L (-7),away,36:50,8,19,.421,5,9,.556,5,5,1.000,2,0,2,7,1,0,2,2,26,-8
42,W (+12),away,26:16,7,12,.583,1,3,.333,2,2,1.000,1,0,1,5,1,0,1,2,17,0
43,W (+20),home,42:25,11,20,.550,6,10,.600,1,1,1.000,0,2,2,8,2,0,3,2,29,+28
44,L (-31),away,28:10,3,12,.250,1,5,.200,0,0,,0,4,4,9,0,1,2,2,7,-27
45,L (-21),away,36:08,5,20,.250,2,7,.286,2,2,1.000,3,5,8,11,1,0,3,6,14,-8
46,L (-6),away,39:54,11,22,.500,4,9,.444,6,6,1.000,3,2,5,8,2,0,4,2,32,+2
47,L (-25),away,30:45,8,23,.348,1,3,.333,1,1,1.000,3,4,7,4,1,0,2,5,18,-22
48,L (-9),home,34:37,10,19,.526,2,5,.400,5,6,.833,0,5,5,6,1,0,4,1,27,-3
49,L (-14),away,37:32,12,22,.545,4,9,.444,1,1,1.000,2,3,5,4,1,0,3,4,29,-18
50,W (+10),home,40:44,8,16,.500,2,6,.333,2,2,1.000,0,3,3,11,1,0,1,2,20,+16
51,W (+6),home,44:55,6,17,.353,3,9,.333,4,5,.800,0,4,4,6,1,0,2,2,19,0
52,W (+1),away,33:34,6,15,.400,1,5,.200,5,5,1.000,1,4,5,5,5,0,5,6,18,+1
53,L (-11),away,36:43,14,20,.700,7,10,.700,3,4,.750,0,2,2,4,3,1,3,6,38,-12
54,L (-4),away,48:00,18,28,.643,11,13,.846,7,7,1.000,0,6,6,7,3,0,3,4,54,-4
55,L (-8),away,42:03,6,22,.273,3,11,.273,10,10,1.000,0,1,1,6,1,0,2,4,25,+7
56,L (-7),away,41:55,11,20,.550,3,9,.333,5,7,.714,0,3,3,9,3,0,2,4,30,+2
57,W (+7),home,41:56,8,16,.500,2,5,.400,8,8,1.000,2,3,5,12,0,0,5,6,26,+1
58,W (+4),home,34:15,3,11,.273,2,5,.400,5,5,1.000,1,4,5,8,2,0,4,6,13,-2
59,L (-6),home,42:55,8,21,.381,3,8,.375,5,7,.714,1,4,5,8,1,0,5,1,24,-9
60,L (-10),home,39:14,7,18,.389,2,6,.333,0,0,,1,1,2,10,0,0,4,4,16,-12
61,W (+29),home,36:56,9,18,.500,6,10,.600,2,2,1.000,1,5,6,3,1,0,1,2,26,+26
62,W (+8),home,42:54,11,17,.647,5,7,.714,4,4,1.000,1,1,2,8,1,0,0,4,31,+15
63,L (-18),home,29:48,2,13,.154,0,5,.000,4,4,1.000,0,0,0,4,0,0,2,1,8,-32
64,W (+30),away,44:32,12,22,.545,5,11,.455,0,0,,0,5,5,11,2,1,1,3,29,+22
65,W (+21),away,38:40,10,19,.526,6,9,.667,4,4,1.000,1,6,7,3,0,0,3,7,30,+19
66,L (-11),away,35:37,8,20,.400,4,8,.500,4,5,.800,1,3,4,3,2,0,0,3,24,-12
67,W (+9),home,31:39,13,18,.722,6,10,.600,3,4,.750,0,2,2,8,2,0,2,3,35,+9
68,W (+6),home,43:00,9,24,.375,3,9,.333,4,7,.571,0,7,7,10,0,0,4,2,25,+3
69,L (-7),home,45:35,5,18,.278,2,9,.222,5,6,.833,2,3,5,12,4,0,3,3,17,+1
70,W (+27),home,37:28,14,22,.636,7,12,.583,4,4,1.000,2,3,5,6,1,0,2,3,39,+15
71,W (+10),home,35:57,6,14,.429,4,10,.400,4,4,1.000,0,3,3,9,1,0,5,2,20,+14
72,W (+4),away,40:58,6,15,.400,3,8,.375,3,3,1.000,0,1,1,15,4,0,5,4,18,+14
73,L (-7),home,45:09,8,19,.421,4,9,.444,2,2,1.000,1,3,4,5,1,0,3,5,22,-5
74,W (+16),home,39:10,9,21,.429,2,9,.222,4,5,.800,1,3,4,10,1,1,4,3,24,+12
75,L (-19),home,34:55,9,18,.500,3,6,.500,1,1,1.000,0,3,3,7,2,0,0,4,22,-9
76,L (-2),away,44:17,17,31,.548,9,15,.600,4,4,1.000,3,3,6,9,3,0,3,1,47,+3
77,W (+10),home,38:42,13,23,.565,7,13,.538,2,2,1.000,1,7,8,5,2,0,0,3,35,+13
78,W (+11),away,31:41,5,16,.313,4,11,.364,1,1,1.000,1,1,2,5,3,0,2,1,15,+9
1,W (+31),home,23:57,4,10,.400,2,5,.400,0,0,,0,4,4,6,1,0,4,1,10,+28
2,L (-11),away,38:29,14,23,.609,9,14,.643,1,1,1.000,0,3,3,9,0,0,3,11,38,-8
3,W (+11),home,32:30,8,13,.615,5,8,.625,1,1,1.000,0,1,1,12,1,0,4,7,22,+18
4,W (+20),away,29:13,7,16,.438,2,9,.222,2,2,1.000,3,7,10,12,5,1,0,2,18,+34
5,W (+13),away,24:11,2,8,.250,0,3,.000,1,2,.500,0,1,1,7,1,0,1,1,5,+3
6,L (-18),away,34:22,7,18,.389,4,10,.400,4,4,1.000,1,1,2,5,3,0,1,3,22,-9
7,W (+18),home,29:00,7,10,.700,2,4,.500,9,9,1.000,1,1,2,8,1,0,4,2,25,+20
8,W (+1),home,43:07,8,22,.364,4,8,.500,2,3,.667,0,5,5,9,1,0,4,2,22,-4
9,W (+14),home,38:31,7,20,.350,0,5,.000,1,2,.500,0,3,3,11,1,0,1,0,15,+18
10,W (+11),away,33:15,7,15,.467,4,7,.571,4,4,1.000,2,4,6,8,3,0,4,5,22,+22
11,L (-12),home,37:10,8,21,.381,2,9,.222,4,5,.800,0,3,3,11,1,0,1,5,22,-6
12,W (+1),away,42:05,7,20,.350,2,5,.400,0,0,,1,7,8,9,3,1,2,2,16,-2
13,L (-4),away,42:24,9,19,.474,6,10,.600,5,5,1.000,0,4,4,8,1,0,3,6,29,-3
14,L (-1),away,44:42,13,26,.500,4,10,.400,2,3,.667,2,9,11,5,0,0,4,3,32,+4
15,W (+2),away,40:10,14,24,.583,5,8,.625,3,3,1.000,0,2,2,10,3,1,1,7,36,+1
16,W (+9),home,43:25,8,15,.533,3,7,.429,8,10,.800,0,3,3,10,5,1,1,3,27,+16
17,L (-22),away,32:28,5,14,.357,1,5,.200,11,11,1.000,0,1,1,5,3,0,4,8,22,-12
18,W (+26),away,45:21,7,16,.438,2,7,.286,6,7,.857,1,5,6,15,0,1,4,1,22,+21
19,L (-4),away,45:40,14,32,.438,5,16,.313,10,12,.833,1,5,6,9,0,2,4,4,43,+3
20,W (+2),home,43:56,13,25,.520,6,11,.545,1,1,1.000,0,4,4,10,3,0,3,8,33,+5
21,L (-4),home,39:07,5,12,.417,1,5,.200,9,11,.818,0,2,2,9,0,0,6,6,20,-18
22,L (-4),away,42:22,8,17,.471,4,7,.571,10,11,.909,0,6,6,7,3,0,2,6,30,-4
23,W (+11),home,32:40,11,19,.579,2,7,.286,4,4,1.000,1,3,4,11,3,0,3,3,28,+22
24,L (-2),home,40:22,12,28,.429,6,16,.375,0,0,,0,2,2,15,4,0,1,5,30,-5
25,W (+19),home,32:46,5,15,.333,4,9,.444,4,4,1.000,1,5,6,10,3,0,2,1,18,+26
26,W (+8),away,35:14,5,14,.357,2,3,.667,2,4,.500,0,3,3,7,2,1,4,2,14,+8
27,W (+2),home,42:29,5,17,.294,2,6,.333,3,3,1.000,1,5,6,11,1,0,1,2,15,+8
28,W (+29),home,33:33,5,17,.294,1,6,.167,3,5,.600,3,10,13,16,1,0,3,7,14,+27
29,W (+4),away,48:12,10,23,.435,5,10,.500,4,5,.800,0,9,9,11,2,1,3,5,29,+2
30,W (+13),away,29:35,4,10,.400,1,5,.200,0,0,,0,5,5,8,0,0,1,6,9,+21
31,W (+9),away,43:43,13,22,.591,8,15,.533,2,3,.667,0,2,2,12,2,0,4,4,36,+16
32,W (+1),away,34:39,7,15,.467,1,7,.143,7,8,.875,0,8,8,9,5,0,5,9,22,+12
33,W (+16),away,37:38,5,17,.294,1,5,.200,3,3,1.000,1,2,3,10,1,1,5,2,14,+35
34,W (+21),away,36:14,5,18,.278,2,11,.182,3,4,.750,0,0,0,6,1,0,2,7,15,+9
35,L (-4),away,45:28,11,25,.440,2,10,.200,10,10,1.000,0,5,5,7,3,0,5,7,34,-1
36,W (+2),home,40:08,7,18,.389,3,8,.375,2,3,.667,1,6,7,4,1,0,1,4,19,+5
37,L (-7),home,39:41,7,19,.368,4,13,.308,6,7,.857,0,5,5,7,0,0,4,2,24,+4
38,L (-6),away,37:57,11,18,.611,6,10,.600,9,11,.818,2,1,3,11,3,0,2,7,37,-10
39,W (+10),away,37:49,10,22,.455,2,9,.222,6,6,1.000,1,5,6,8,4,0,2,0,28,+15
40,L (-8),home,41:28,9,20,.450,3,11,.273,3,4,.750,0,3,3,9,0,0,2,2,24,-4
41,L (-1),home,36:53,12,21,.571,6,10,.600,3,3,1.000,1,2,3,15,1,0,3,5,33,-3
42,W (+15),home,34:38,13,23,.565,5,8,.625,7,10,.700,1,6,7,8,2,0,1,2,38,+12
43,L (-3),home,37:43,8,23,.348,2,7,.286,5,6,.833,0,2,2,4,4,0,5,6,23,-9
44,W (+19),home,33:41,8,10,.800,4,4,1.000,2,2,1.000,0,4,4,7,1,1,3,3,22,+23
45,W (+5),away,38:06,14,26,.538,8,13,.615,8,9,.889,0,2,2,4,0,0,0,2,44,+15
46,L (-16),home,38:13,8,18,.444,1,7,.143,0,0,,1,2,3,11,0,0,2,2,17,-18
47,W (+15),home,42:45,13,19,.684,4,6,.667,4,4,1.000,0,3,3,9,1,0,3,2,34,+12
48,L (-13),away,41:09,10,20,.500,3,10,.300,5,6,.833,1,1,2,9,0,0,2,2,28,-15
49,W (+43),home,27:17,7,11,.636,6,9,.667,3,3,1.000,2,3,5,8,1,0,3,7,23,+34
50,L (-1),home,39:13,8,14,.571,4,4,1.000,9,9,1.000,1,4,5,7,1,0,3,5,29,+4
51,W (+9),away,35:51,5,14,.357,1,4,.250,2,3,.667,0,1,1,8,1,0,2,0,13,+12
52,W (+3),home,38:26,8,15,.533,5,8,.625,4,4,1.000,0,2,2,6,2,0,5,2,25,+13
53,W (+7),home,31:58,7,13,.538,3,4,.750,0,0,,0,5,5,8,2,0,2,2,17,+12
54,W (+8),away,35:44,6,15,.400,3,9,.333,4,5,.800,3,5,8,9,0,0,0,4,19,-2
55,L (-20),away,28:19,2,10,.200,1,5,.200,0,0,,0,3,3,5,0,0,0,5,5,-12
56,W (+23),away,30:18,9,19,.474,5,11,.455,4,4,1.000,2,9,11,11,0,1,2,4,27,+19
57,L (-6),away,43:12,13,27,.481,4,11,.364,4,6,.667,1,3,4,7,1,0,3,6,34,-1
58,W (+2),away,31:59,7,18,.389,2,5,.400,3,3,1.000,1,7,8,6,2,0,5,4,19,-7
59,W (+20),away,21:51,6,10,.600,1,4,.250,1,1,1.000,0,3,3,4,1,0,3,0,14,+28
60,W (+14),home,30:02,5,10,.500,1,4,.250,2,2,1.000,0,3,3,7,1,0,1,0,13,+10
61,W (+6),home,30:16,7,16,.438,1,5,.200,3,3,1.000,0,2,2,9,0,0,1,1,18,+11
62,W (+23),home,22:17,4,12,.333,1,5,.200,1,1,1.000,0,2,2,4,3,0,1,3,10,-3
63,L (-13),away,29:18,5,11,.455,2,5,.400,1,1,1.000,1,4,5,11,1,0,3,4,13,+2
64,L (-9),home,36:01,8,17,.471,5,10,.500,6,7,.857,0,4,4,8,3,0,1,4,27,+3
65,W (+1),away,40:08,11,24,.458,6,12,.500,9,9,1.000,0,4,4,5,1,0,4,5,37,-5
66,W (+14),home,31:46,9,13,.692,3,6,.500,2,2,1.000,1,2,3,5,0,0,1,3,23,+21
67,W (+5),home,38:04,9,14,.643,3,5,.600,10,10,1.000,1,2,3,10,1,0,2,4,31,+13
68,L (-9),home,39:25,5,13,.385,1,4,.250,9,9,1.000,0,6,6,6,1,0,0,6,20,-7
69,W (+7),home,38:03,13,22,.591,5,8,.625,2,3,.667,1,4,5,8,1,2,1,3,33,+9
70,L (-5),home,40:46,10,21,.476,6,12,.500,6,8,.750,1,3,4,1,1,0,2,2,32,+5
71,W (+2),away,43:07,10,17,.588,3,8,.375,0,0,,1,2,3,10,2,0,2,1,23,+8
72,L (-21),away,30:43,5,15,.333,1,4,.250,0,0,,0,0,0,10,1,0,2,4,11,-19
73,W (+33),home,28:33,5,12,.417,2,5,.400,1,1,1.000,1,1,2,5,1,0,2,1,13,+28
74,W (+28),home,29:28,12,18,.667,5,10,.500,2,2,1.000,0,1,1,16,3,0,2,5,31,+31
75,L (-1),home,33:32,8,19,.421,2,7,.286,6,6,1.000,0,7,7,6,4,0,1,2,24,-3
76,W (+17),away,34:43,12,20,.600,4,5,.800,2,2,1.000,0,10,10,12,2,0,3,6,30,+13
77,L (-2),away,45:26,16,29,.552,7,14,.500,8,8,1.000,1,0,1,5,4,0,3,4,47,+6
78,W (+10),home,41:57,10,21,.476,7,13,.538,5,5,1.000,1,4,5,15,3,0,4,5,32,+10
1,W (+18),away,36:32,7,17,.412,2,9,.222,8,9,.889,1,9,10,5,6,0,5,4,24,+20
2,W (+23),home,34:06,10,19,.526,3,8,.375,8,8,1.000,0,5,5,10,3,0,3,2,31,+30
3,W (+5),away,30:50,6,18,.333,1,5,.200,8,8,1.000,1,4,5,6,2,0,1,3,21,+12
4,W (+17),home,33:49,9,18,.500,4,8,.500,6,6,1.000,0,6,6,7,1,0,4,5,28,+21
5,W (+11),away,39:58,13,19,.684,6,9,.667,2,2,1.000,1,8,9,5,4,0,2,5,34,+13
6,L (-12),away,34:04,10,20,.500,4,10,.400,4,4,1.000,0,2,2,10,5,0,5,10,28,-6
7,L (-13),home,35:46,7,18,.389,0,7,.000,2,2,1.000,0,6,6,5,0,0,2,3,16,-18
8,W (+8),home,31:56,6,12,.500,3,7,.429,2,2,1.000,1,2,3,5,0,0,5,3,17,+6
9,W (+25),home,28:18,8,15,.533,3,6,.500,0,1,.000,2,3,5,9,1,0,3,1,19,+23
10,W (+21),away,29:56,10,19,.526,5,9,.556,5,5,1.000,0,4,4,15,1,0,0,3,30,+27
11,W (+13),home,24:30,3,9,.333,2,6,.333,0,0,,0,5,5,10,2,0,2,4,8,+23
12,W (+5),away,38:07,5,15,.333,2,6,.333,3,4,.750,0,6,6,6,1,0,0,1,15,+2
13,W (+17),away,37:05,12,19,.632,8,11,.727,8,9,.889,0,6,6,7,3,1,2,2,40,+28
14,W (+15),away,23:38,9,13,.692,6,8,.750,4,5,.800,1,4,5,8,0,0,1,1,28,+22
15,W (+5),away,32:20,9,20,.450,1,10,.100,7,7,1.000,1,3,4,6,1,2,4,4,26,+16
16,W (+11),away,28:22,5,9,.556,1,3,.333,5,6,.833,1,2,3,10,1,0,2,1,16,+11
17,W (+1),home,36:27,8,17,.471,3,9,.333,3,3,1.000,1,3,4,5,0,0,2,4,22,+8
18,W (+27),home,30:37,8,17,.471,3,6,.500,0,0,,0,3,3,11,4,1,0,2,19,+11
19,W (+10),away,36:11,5,14,.357,1,5,.200,8,9,.889,1,5,6,7,1,0,2,3,19,+7
20,W (+16),away,31:20,10,20,.500,1,7,.143,0,0,,1,3,4,7,3,1,3,3,21,+22
21,W (+12),home,37:27,8,15,.533,3,5,.600,1,1,1.000,1,6,7,7,0,0,3,4,20,+16
22,W (+7),away,37:11,9,22,.409,3,11,.273,8,9,.889,0,3,3,8,2,0,1,1,29,+13
23,W (+6),away,39:55,11,21,.524,6,10,.600,6,6,1.000,0,7,7,7,1,0,1,6,34,+5
24,L (-7),away,38:57,9,25,.360,1,10,.100,0,0,,0,7,7,6,4,0,2,3,19,+16
25,W (+5),home,41:31,14,24,.583,5,12,.417,1,1,1.000,4,3,7,9,4,1,0,4,34,+7
26,W (+20),home,26:18,5,12,.417,1,5,.200,1,1,1.000,0,2,2,11,3,0,1,1,12,+15
27,L (-10),away,29:58,10,14,.714,2,5,.400,0,0,,0,2,2,6,3,0,0,7,22,-10
28,L (-14),away,35:59,5,12,.417,1,5,.200,3,4,.750,2,7,9,7,2,0,3,5,14,-12
29,W (+13),home,30:32,9,18,.500,4,9,.444,3,4,.750,1,2,3,6,3,0,3,3,25,+18
30,W (+40),home,26:43,4,7,.571,3,6,.500,2,2,1.000,0,3,3,9,3,0,3,3,13,+28
31,W (+21),home,33:54,10,18,.556,5,11,.455,7,7,1.000,2,3,5,12,1,0,3,0,32,+25
32,W (+26),home,31:17,7,14,.500,1,4,.250,4,4,1.000,0,9,9,6,4,0,2,2,19,+15
33,W (+15),home,34:47,8,17,.471,4,8,.500,1,1,1.000,0,3,3,15,4,0,5,5,21,+12
34,W (+18),home,35:00,8,15,.533,3,8,.375,4,4,1.000,0,1,1,10,2,0,1,1,23,+10
35,W (+11),away,29:13,10,16,.625,4,9,.444,3,3,1.000,0,2,2,11,0,0,2,2,27,+17
36,W (+15),home,32:06,11,19,.579,7,10,.700,3,5,.600,2,3,5,3,2,0,1,3,32,+11
37,L (-12),away,31:12,6,13,.462,2,6,.333,5,5,1.000,0,3,3,6,2,0,2,6,19,-4
38,W (+25),away,33:00,9,18,.500,2,8,.250,7,8,.875,3,4,7,11,3,1,0,2,27,+25
39,W (+43),home,25:14,7,13,.538,2,5,.400,4,4,1.000,1,0,1,8,1,2,2,1,20,+18
40,W (+13),home,33:39,7,12,.583,3,5,.600,5,6,.833,2,1,3,10,1,0,3,6,22,+23
41,W (+25),home,29:03,3,11,.273,2,7,.286,2,2,1.000,1,3,4,11,2,0,0,6,10,+20
42,W (+3),home,33:03,6,16,.375,1,5,.200,9,9,1.000,0,4,4,11,2,0,1,3,22,+6
43,L (-2),home,42:58,9,23,.391,2,9,.222,1,1,1.000,0,4,4,9,3,0,3,3,21,-3
44,L (-10),away,33:59,10,22,.455,5,11,.455,7,9,.778,1,6,7,6,3,0,1,2,32,-11
45,W (+19),home,37:26,9,23,.391,4,9,.444,3,3,1.000,1,3,4,7,2,1,2,1,25,+23
46,W (+25),away,28:34,6,15,.400,2,6,.333,9,10,.900,0,5,5,9,3,0,2,2,23,+7
47,W (+14),home,36:57,16,26,.615,10,16,.625,9,11,.818,0,4,4,4,1,0,3,3,51,0
48,L (-8),away,36:12,8,19,.421,4,9,.444,6,7,.857,0,2,2,9,2,2,3,1,26,-5
49,W (+14),away,31:19,8,18,.444,5,9,.556,1,3,.333,2,4,6,0,2,0,0,3,22,+19
50,W (+5),away,31:45,7,20,.350,3,12,.250,3,4,.750,0,5,5,6,3,0,2,1,20,0
51,W (+3),away,35:30,9,23,.391,2,10,.200,5,5,1.000,2,3,5,8,3,0,1,3,25,0
52,W (+11),home,31:53,8,17,.471,4,8,.500,5,5,1.000,0,4,4,11,4,0,2,2,25,+22
53,W (+7),away,33:49,11,18,.611,5,9,.556,5,5,1.000,0,0,0,8,2,0,1,0,32,+1
54,L (-11),away,33:50,5,17,.294,3,9,.333,5,5,1.000,0,3,3,6,1,0,3,4,18,-10
55,W (+24),away,25:01,8,13,.615,3,4,.750,3,3,1.000,3,3,6,5,2,0,0,2,22,+33
56,W (+5),away,37:38,14,22,.636,5,8,.625,4,4,1.000,0,4,4,5,1,0,1,5,37,+8
57,L (-2),away,29:16,8,16,.500,6,12,.500,4,4,1.000,0,2,2,7,1,0,4,4,26,+1
58,W (+9),home,36:35,6,16,.375,6,13,.462,1,2,.500,0,1,1,11,2,2,3,5,19,+6
59,W (+15),home,30:53,6,11,.545,5,8,.625,5,6,.833,0,2,2,7,2,1,2,3,22,+23
60,W (+8),home,31:58,3,9,.333,2,2,1.000,4,4,1.000,0,1,1,4,3,0,1,4,12,+15
61,W (+18),away,35:46,14,24,.583,7,13,.538,1,2,.500,3,3,6,5,4,0,3,4,36,+23
62,W (+7),home,33:57,4,15,.267,1,7,.143,0,0,,1,4,5,11,1,0,1,3,9,+8
63,W (+31),home,26:56,8,15,.533,6,10,.600,3,3,1.000,0,3,3,11,3,0,2,1,25,+30
64,W (+3),home,32:40,5,14,.357,2,6,.333,7,7,1.000,0,4,4,9,3,0,2,6,19,-3
65,W (+19),home,29:41,4,11,.364,2,6,.333,6,6,1.000,1,3,4,12,0,0,1,4,16,+17
66,W (+16),home,27:02,4,17,.235,2,10,.200,6,6,1.000,0,2,2,11,0,0,0,3,16,+11
67,W (+15),home,32:14,8,18,.444,3,6,.500,5,5,1.000,1,2,3,3,3,0,0,0,24,+12
68,W (+31),home,28:16,8,14,.571,5,8,.625,3,3,1.000,1,4,5,6,2,0,1,2,24,+30
69,W (+14),away,35:26,13,22,.591,5,9,.556,2,2,1.000,0,2,2,10,1,0,2,2,33,+12
70,W (+23),away,34:14,12,22,.545,8,12,.667,6,6,1.000,1,2,3,10,3,1,3,4,38,+26
71,W (+13),away,30:24,8,13,.615,6,9,.667,3,3,1.000,0,4,4,6,1,0,4,6,25,+1
72,W (+4),away,36:11,8,15,.533,4,6,.667,7,7,1.000,1,0,1,4,1,0,3,3,27,-1
73,W (+1),home,33:32,10,22,.455,6,11,.545,2,2,1.000,1,7,8,5,0,0,3,6,28,-1
74,W (+13),away,27:27,4,12,.333,1,4,.250,2,3,.667,2,2,4,3,1,0,1,1,11,+11
75,L (-15),away,30:03,9,17,.529,5,10,.500,1,2,.500,0,4,4,6,1,0,2,4,24,-16
76,L (-3),away,34:45,9,18,.500,5,8,.625,2,2,1.000,1,5,6,9,1,0,3,2,25,+4
77,W (+11),home,35:13,17,23,.739,8,13,.615,3,3,1.000,1,1,2,10,0,0,2,4,45,+21
78,W (+9),home,35:26,11,21,.524,5,11,.455,7,8,.875,0,4,4,7,4,0,1,3,34,+17
79,W (+4),home,29:17,6,10,.600,3,6,.500,0,0,,0,4,4,8,1,0,2,3,15,+24
80,W (+7),home,19:20,4,10,.400,2,4,.500,0,0,,2,2,4,7,5,0,1,2,10,+14
1,W (+16),home,35:37,14,26,.538,5,12,.417,7,7,1.000,3,3,6,7,2,0,1,2,40,+12
2,W (+20),away,27:24,9,15,.600,4,9,.444,3,4,.750,0,7,7,6,1,0,4,1,25,+12
3,W (+14),away,35:38,17,27,.630,8,14,.571,11,11,1.000,0,4,4,9,4,0,3,2,53,+16
4,W (+50),home,28:24,10,16,.625,4,8,.500,6,6,1.000,1,2,3,3,3,1,2,3,30,+37
5,W (+4),home,32:38,8,17,.471,7,11,.636,8,9,.889,0,5,5,4,1,0,3,0,31,+7
6,W (+15),home,34:39,12,22,.545,8,16,.500,2,3,.667,0,7,7,10,3,1,1,4,34,+14
7,W (+9),away,39:08,8,18,.444,2,10,.200,6,7,.857,1,5,6,3,2,0,1,6,24,+6
8,W (+14),home,36:50,7,18,.389,3,7,.429,5,6,.833,1,4,5,5,3,0,1,5,22,+12
9,W (+16),away,34:30,9,21,.429,3,10,.300,7,7,1.000,0,5,5,5,5,1,1,4,28,+16
10,W (+13),away,37:42,15,25,.600,8,13,.615,8,8,1.000,0,5,5,4,2,0,3,3,46,+21
11,W (+8),home,43:44,13,31,.419,5,16,.313,3,3,1.000,0,3,3,6,1,0,1,4,34,+3
12,W (+5),home,39:35,13,23,.565,5,10,.500,6,7,.857,0,2,2,9,2,0,1,7,37,+11
13,W (+7),away,36:46,11,22,.500,6,14,.429,12,12,1.000,0,11,11,4,3,0,2,7,40,+12
14,W (+12),home,36:05,9,20,.450,3,11,.273,6,6,1.000,1,4,5,4,4,0,2,6,27,+11
15,W (+13),away,27:37,8,16,.500,3,8,.375,0,0,,0,4,4,7,3,0,0,4,19,+11
16,W (+34),home,30:10,10,21,.476,4,12,.333,0,0,,0,4,4,9,2,0,1,0,24,+36
17,W (+19),away,30:39,11,20,.550,9,16,.563,10,11,.909,1,5,6,8,2,0,2,6,41,+27
18,W (+19),home,29:48,4,7,.571,3,6,.500,8,8,1.000,0,4,4,6,3,0,1,1,19,+19
19,W (+3),away,37:16,9,20,.450,4,8,.500,4,4,1.000,2,4,6,5,2,0,2,2,26,+12
20,W (+17),away,30:49,14,18,.778,8,11,.727,4,4,1.000,0,3,3,5,0,0,2,5,40,+19
21,W (+3),away,37:51,14,24,.583,9,15,.600,7,9,.778,1,1,2,7,0,0,4,3,44,+15
22,W (+16),away,32:14,11,17,.647,5,9,.556,1,4,.250,0,5,5,2,1,0,2,4,28,+10
23,W (+8),away,35:39,11,23,.478,3,10,.300,4,6,.667,0,7,7,10,3,0,1,4,29,+18
24,W (+5),away,46:55,9,27,.333,6,13,.462,14,14,1.000,3,8,11,8,2,0,4,8,38,+15
25,L (-13),away,35:14,10,22,.455,2,9,.222,6,7,.857,2,5,7,5,1,0,2,2,28,0
26,W (+25),home,29:35,10,14,.714,2,5,.400,3,5,.600,0,2,2,7,1,0,4,3,25,+37
27,W (+9),home,39:20,7,14,.500,2,6,.333,10,11,.909,2,8,10,9,2,0,2,6,26,+13
28,W (+18),home,34:13,5,14,.357,2,8,.250,4,4,1.000,1,4,5,9,3,0,2,3,16,+21
29,W (+6),home,36:35,6,15,.400,1,4,.250,6,6,1.000,1,6,7,7,2,0,3,3,19,+15
30,W (+19),home,30:22,7,16,.438,6,13,.462,3,4,.750,0,14,14,10,2,0,3,2,23,+24
31,W (+3),home,14:23,2,6,.333,1,5,.200,0,0,,0,1,1,4,2,0,1,2,5,+12
32,W (+10),home,31:51,12,21,.571,5,10,.500,1,1,1.000,0,3,3,4,2,0,4,2,30,+1
33,W (+21),away,26:08,6,13,.462,4,8,.500,1,1,1.000,1,0,1,6,3,0,2,3,17,+28
34,W (+20),away,28:50,8,18,.444,4,11,.364,6,6,1.000,0,3,3,9,1,0,2,1,26,+22
35,W (+12),away,37:54,12,21,.571,8,14,.571,6,7,.857,1,5,6,11,1,1,3,4,38,+16
36,W (+8),home,37:34,11,27,.407,4,11,.364,5,6,.833,0,2,2,6,1,0,2,1,31,-3
37,L (-2),away,39:48,13,25,.520,5,12,.417,7,7,1.000,2,3,5,9,3,1,1,8,38,-4
38,W (+18),home,29:31,9,18,.500,8,16,.500,0,0,,2,4,6,3,1,0,3,3,26,+14
39,L (-18),away,36:55,13,26,.500,7,15,.467,5,6,.833,1,6,7,5,2,0,1,2,38,+2
40,W (+34),away,28:03,12,18,.667,7,12,.583,4,4,1.000,2,3,5,4,3,0,3,1,35,+34
41,W (+31),away,33:45,8,18,.444,3,9,.333,6,6,1.000,1,6,7,11,2,1,2,2,25,+36
42,W (+12),home,36:49,11,19,.579,8,15,.533,9,9,1.000,2,8,10,12,1,0,1,2,39,+22
43,W (+30),home,28:21,12,20,.600,6,9,.667,7,7,1.000,1,1,2,3,5,0,0,1,37,+23
44,W (+20),home,31:48,4,11,.364,3,7,.429,3,3,1.000,1,1,2,9,3,1,2,0,14,+26
45,W (+3),away,34:12,9,19,.474,5,11,.455,0,0,,2,3,5,6,1,2,3,8,23,+8
46,W (+21),away,31:59,5,17,.294,3,11,.273,0,0,,0,4,4,4,3,0,1,3,13,+10
47,W (+13),away,35:41,19,28,.679,11,15,.733,2,3,.667,1,6,7,2,3,0,3,7,51,+20
48,W (+8),home,37:42,10,26,.385,1,9,.111,5,5,1.000,1,5,6,10,3,0,2,3,26,+3
49,W (+13),home,37:41,12,24,.500,7,16,.438,4,4,1.000,1,4,5,9,1,0,2,1,35,+3
50,W (+8),away,30:06,9,17,.529,5,10,.500,3,4,.750,5,4,9,9,1,1,1,2,26,+12
51,L (-32),away,26:18,12,23,.522,7,13,.538,0,0,,2,1,3,5,2,0,4,3,31,-18
52,W (+3),away,35:30,5,15,.333,3,8,.375,10,12,.833,0,3,3,9,3,0,2,3,23,+4
53,W (+10),away,35:48,14,22,.636,5,11,.455,3,3,1.000,1,5,6,8,3,0,2,2,36,+13
54,W (+6),away,35:35,14,29,.483,6,12,.500,8,8,1.000,3,4,7,7,1,1,0,7,42,+7
55,W (+16),away,34:02,20,27,.741,10,15,.667,1,1,1.000,0,7,7,8,0,1,1,5,51,+11
56,W (+3),away,37:41,14,24,.583,12,16,.750,6,8,.750,0,3,3,6,2,0,1,3,46,+6
57,W (+15),home,37:11,12,25,.480,5,15,.333,4,5,.800,1,3,4,4,1,1,2,1,33,+6
58,L (-17),away,34:17,6,20,.300,1,10,.100,5,5,1.000,1,5,6,4,1,0,2,4,18,-8
59,W (+6),home,37:20,14,24,.583,7,13,.538,6,6,1.000,1,12,13,3,4,0,3,5,41,+21
60,W (+21),home,31:31,4,12,.333,3,9,.333,1,2,.500,0,3,3,10,3,0,2,3,12,+12
61,W (+16),home,29:26,13,23,.565,7,14,.500,1,2,.500,0,3,3,4,2,0,2,3,34,+14
62,W (+7),home,34:59,12,24,.500,7,16,.438,4,4,1.000,1,2,3,6,0,0,4,1,35,+19
63,W (+18),home,31:18,10,16,.625,4,9,.444,3,4,.750,1,4,5,5,2,0,1,1,27,+27
64,W (+36),home,28:21,12,20,.600,8,13,.615,2,2,1.000,0,6,6,4,0,0,2,2,34,+31
65,W (+18),away,34:19,12,26,.462,6,12,.500,1,1,1.000,1,8,9,10,2,0,2,1,31,+8
66,L (-8),away,37:36,4,18,.222,1,12,.083,5,5,1.000,2,4,6,6,2,0,0,2,14,-10
67,W (+5),away,34:50,6,17,.353,2,9,.222,5,6,.833,3,4,7,11,3,1,4,5,19,0
68,W (+16),home,37:26,12,23,.522,4,10,.400,5,6,.833,0,4,4,5,3,0,3,1,33,+4
69,W (+8),home,35:11,9,18,.500,5,12,.417,10,11,.909,0,8,8,8,4,0,0,3,33,+15
70,W (+12),home,33:12,7,16,.438,2,9,.222,4,5,.800,0,3,3,8,4,0,0,4,20,+4
71,W (+8),home,34:42,9,20,.450,6,8,.750,2,2,1.000,0,7,7,7,5,0,3,5,26,+15
72,W (+7),away,42:16,11,23,.478,5,10,.500,4,5,.800,2,5,7,4,2,0,4,5,31,+6
73,L (-3),home,36:37,9,19,.474,8,14,.571,3,3,1.000,0,5,5,6,1,0,2,9,29,-1
74,W (+25),home,34:35,13,21,.619,9,13,.692,4,4,1.000,2,4,6,7,2,1,2,4,39,+16
75,L (-7),home,42:35,7,25,.280,4,14,.286,3,3,1.000,2,4,6,15,3,0,4,3,21,+3
76,W (+11),home,36:17,11,19,.579,3,7,.429,2,2,1.000,0,5,5,9,2,0,2,3,27,+14
77,W (+1),away,33:59,7,22,.318,3,14,.214,0,0,,0,9,9,8,1,0,1,2,17,+10
78,W (+6),away,35:22,13,22,.591,4,9,.444,7,7,1.000,0,5,5,5,2,0,4,4,37,+7
79,W (+21),home,29:46,15,24,.625,10,19,.526,6,6,1.000,1,3,4,6,2,0,2,2,46,+19
1,L (-29),home,34:06,9,18,.500,3,10,.300,5,6,.833,0,3,3,4,0,0,1,4,26,-9
2,W (+8),away,34:04,8,19,.421,4,10,.400,3,4,.750,1,0,1,8,1,0,3,4,23,+4
3,W (+6),away,34:13,9,17,.529,5,8,.625,5,5,1.000,0,1,1,3,0,0,5,1,28,0
4,W (+23),away,29:30,10,21,.476,5,10,.500,3,4,.750,1,3,4,3,1,0,3,4,28,+24
5,W (+26),home,30:03,6,14,.429,2,6,.333,7,8,.875,0,1,1,7,2,1,1,1,21,+17
6,L (-20),away,31:06,5,17,.294,0,10,.000,3,3,1.000,0,8,8,10,2,1,3,2,13,-5
7,W (+10),home,35:39,16,26,.615,13,17,.765,1,2,.500,3,2,5,5,2,0,2,4,46,+7
8,W (+21),home,30:50,8,12,.667,4,8,.500,4,4,1.000,0,3,3,6,1,0,1,5,24,+17
9,W (+24),away,29:56,10,17,.588,7,13,.538,6,6,1.000,1,4,5,6,1,0,1,4,33,+27
10,W (+13),home,36:46,9,17,.529,5,9,.556,7,7,1.000,0,6,6,6,2,0,2,3,30,+22
11,W (+6),away,37:22,10,19,.526,3,9,.333,12,13,.923,2,1,3,7,1,0,3,3,35,+5
12,W (+16),away,36:18,7,20,.350,2,10,.200,0,0,,0,3,3,8,4,1,4,2,16,+19
13,W (+3),away,34:41,7,21,.333,1,11,.091,5,5,1.000,0,5,5,5,1,0,4,3,20,+1
14,W (+37),away,29:30,6,11,.545,2,6,.333,8,8,1.000,2,4,6,6,1,0,1,1,22,+34
15,W (+43),home,28:45,11,18,.611,7,12,.583,2,2,1.000,0,5,5,9,1,0,1,1,31,+32
16,W (+24),away,35:36,8,17,.471,4,10,.400,4,4,1.000,2,3,5,5,3,0,1,3,24,+14
17,W (+13),home,37:10,13,19,.684,4,8,.500,4,4,1.000,1,7,8,6,1,0,4,6,34,+16
18,W (+5),home,38:14,6,17,.353,4,11,.364,9,11,.818,0,3,3,3,2,0,2,3,25,+6
19,L (-5),home,38:23,9,22,.409,4,13,.308,6,6,1.000,1,2,3,5,3,1,6,5,28,+10
20,W (+29),home,29:50,10,15,.667,5,7,.714,6,6,1.000,0,2,2,1,1,0,2,3,31,+15
21,W (+36),home,29:09,4,10,.400,2,7,.286,3,4,.750,0,4,4,11,2,1,4,0,13,+24
22,W (+17),away,33:17,7,16,.438,0,8,.000,5,5,1.000,0,4,4,6,7,0,3,3,19,+18
23,W (+7),away,35:34,7,16,.438,3,9,.333,9,9,1.000,0,5,5,2,2,0,2,3,26,+10
24,L (-21),away,30:35,4,14,.286,3,11,.273,6,6,1.000,2,6,8,3,0,0,3,4,17,-24
25,W (+8),away,31:35,6,13,.462,2,5,.400,8,8,1.000,1,3,4,9,1,0,3,0,22,-6
26,W (+4),away,34:07,11,23,.478,5,9,.556,3,4,.750,2,2,4,7,1,0,2,2,30,+4
27,W (+13),home,33:49,3,14,.214,2,8,.250,0,0,,1,9,10,8,1,0,0,3,8,+20
28,W (+45),home,27:14,6,11,.545,5,8,.625,2,2,1.000,0,3,3,6,0,0,3,3,19,+21
29,W (+30),home,30:13,8,18,.444,4,9,.444,5,5,1.000,0,3,3,4,3,0,0,0,25,+27
30,W (+16),away,32:58,6,19,.316,3,13,.231,0,0,,0,2,2,7,5,0,5,2,15,+25
31,W (+6),away,35:00,7,16,.438,5,10,.500,6,6,1.000,0,3,3,8,2,0,1,5,25,+6
32,L (-1),away,37:20,4,11,.364,2,7,.286,5,6,.833,0,3,3,3,3,0,4,3,15,-1
33,W (+10),home,36:19,9,18,.500,3,6,.500,7,7,1.000,1,6,7,7,0,0,3,2,28,+27
34,W (+9),home,30:08,5,12,.417,3,6,.500,1,1,1.000,0,4,4,5,1,0,2,1,14,+14
35,W (+8),home,35:03,8,18,.444,3,9,.333,3,3,1.000,0,3,3,5,0,0,2,3,22,+7
36,W (+8),home,35:54,12,25,.480,5,13,.385,6,8,.750,1,6,7,5,1,0,1,5,35,+6
37,L (-9),home,42:13,15,27,.556,5,13,.385,5,5,1.000,0,3,3,6,1,1,2,4,40,-10
38,W (+11),away,37:06,11,22,.500,5,11,.455,3,3,1.000,2,2,4,6,2,0,3,4,30,+14
39,W (+12),home,35:43,8,21,.381,4,11,.364,4,5,.800,1,7,8,9,1,1,0,3,24,+18
40,W (+20),home,29:51,9,17,.529,3,9,.333,3,3,1.000,0,2,2,7,5,0,0,8,24,+32
41,W (+35),home,30:55,7,20,.350,5,12,.417,1,2,.500,0,2,2,11,4,0,2,3,20,+23
42,W (+21),home,34:11,9,19,.474,2,6,.333,4,4,1.000,0,4,4,8,3,0,0,3,24,+19
43,W (+17),away,32:57,8,18,.444,5,11,.455,3,5,.600,0,1,1,7,1,0,1,1,24,+15
44,W (+20),away,29:33,8,15,.533,7,13,.538,4,4,1.000,1,3,4,6,0,0,2,3,27,+32
45,L (-3),away,36:31,7,19,.368,3,9,.333,4,5,.800,0,9,9,8,0,1,2,4,21,+1
46,W (+10),away,36:16,11,23,.478,6,12,.500,0,0,,0,2,2,7,1,1,2,4,28,0
47,W (+46),home,28:57,15,23,.652,9,15,.600,4,4,1.000,0,9,9,6,0,0,1,2,43,+42
48,W (+15),home,30:16,14,20,.700,11,15,.733,0,0,,1,4,5,8,3,0,2,1,39,+25
49,W (+13),away,37:26,11,23,.478,3,10,.300,4,4,1.000,1,2,3,11,3,0,1,4,29,+13
50,L (-3),away,41:45,11,20,.550,8,14,.571,5,6,.833,0,4,4,9,3,0,2,3,35,+4
51,W (+31),home,28:12,5,11,.455,1,4,.250,2,2,1.000,0,1,1,6,1,0,4,2,13,+20
52,W (+15),away,34:51,6,13,.462,2,6,.333,4,5,.800,0,4,4,5,0,0,3,3,18,+15
53,W (+16),away,33:54,9,19,.474,4,11,.364,4,4,1.000,3,5,8,9,2,0,2,0,26,+16
54,L (-22),away,26:42,4,18,.222,1,11,.091,2,2,1.000,1,1,2,5,1,0,1,1,11,-24
55,W (+23),home,30:03,4,14,.286,2,8,.250,3,4,.750,0,6,6,9,0,2,2,3,13,+23
56,W (+10),home,32:11,10,16,.625,6,10,.600,9,10,.900,1,6,7,5,4,0,5,4,35,+26
57,W (+17),home,34:55,9,21,.429,5,10,.500,4,4,1.000,1,4,5,5,3,0,2,4,27,+17
58,W (+11),away,34:48,7,23,.304,0,11,.000,5,5,1.000,2,2,4,6,2,0,2,4,19,+8
59,L (-4),away,34:14,9,20,.450,2,9,.222,5,6,.833,4,3,7,4,2,0,3,5,25,-5
60,L (-7),away,35:28,10,27,.370,2,11,.182,1,1,1.000,1,5,6,5,5,0,4,4,23,-4
61,W (+7),away,36:51,11,24,.458,5,13,.385,4,6,.667,2,6,8,6,2,0,2,2,31,+22
62,W (+8),away,34:31,8,20,.400,6,15,.400,2,3,.667,1,3,4,9,0,0,4,2,24,+5
63,L (-13),home,35:08,8,16,.500,2,9,.222,5,5,1.000,3,2,5,6,0,1,4,4,23,-3
64,L (-1),away,35:18,10,27,.370,1,8,.125,5,5,1.000,3,3,6,7,1,0,4,6,26,-5
65,W (+2),home,37:25,8,23,.348,5,13,.385,8,8,1.000,2,4,6,5,3,0,3,5,29,+3
66,W (+30),home,28:07,8,15,.533,2,7,.286,7,7,1.000,0,1,1,9,3,0,1,2,25,+24
67,W (+25),home,30:17,9,13,.692,6,8,.750,4,4,1.000,0,4,4,4,1,1,3,3,28,+18
68,W (+16),away,29:53,8,17,.471,7,12,.583,0,0,,0,4,4,6,0,0,3,5,23,+16
69,W (+25),away,29:45,7,14,.500,3,9,.333,0,0,,1,4,5,9,2,0,1,0,17,+14
70,W (+14),home,33:14,9,18,.500,5,11,.455,4,4,1.000,1,6,7,12,6,0,0,3,27,+28
71,W (+12),home,36:19,8,18,.444,5,12,.417,0,0,,0,1,1,11,4,0,1,5,21,+8
72,W (+7),away,33:25,11,22,.500,3,11,.273,7,10,.700,2,8,10,7,2,0,5,6,32,+9
73,W (+12),away,35:08,9,20,.450,4,8,.500,7,7,1.000,1,3,4,11,1,0,5,2,29,+6
74,W (+9),home,34:46,8,18,.444,4,9,.444,4,5,.800,3,4,7,5,2,0,4,2,24,+14
75,W (+24),home,35:33,15,22,.682,9,14,.643,3,3,1.000,0,1,1,8,1,0,3,1,42,+26
76,W (+14),home,29:53,7,18,.389,3,8,.375,2,4,.500,0,3,3,9,3,2,2,3,19,+13
77,W (+9),away,35:11,15,25,.600,8,12,.667,4,7,.571,0,4,4,11,2,2,0,3,42,+25
78,L (-6),home,29:57,9,16,.563,6,8,.750,4,5,.800,1,3,4,4,1,0,1,1,28,+9
79,W (+15),home,28:27,6,17,.353,5,14,.357,3,4,.750,0,5,5,8,2,0,1,6,20,+27
1,L (-1),home,29:33,8,18,.444,3,9,.333,3,3,1.000,0,5,5,4,1,0,4,2,22,+9
2,W (+8),away,35:07,7,16,.438,4,11,.364,10,10,1.000,0,3,3,8,0,0,1,1,28,+7
3,L (-10),away,30:05,9,17,.529,6,11,.545,13,13,1.000,0,6,6,3,0,0,5,2,37,-6
4,W (+30),away,31:09,7,15,.467,2,10,.200,13,13,1.000,2,0,2,8,4,0,1,6,29,+22
5,W (+5),home,37:31,9,20,.450,4,11,.364,8,8,1.000,0,4,4,5,3,1,2,2,30,+14
6,W (+3),home,36:12,7,19,.368,3,13,.231,3,3,1.000,0,5,5,8,2,0,2,2,20,-8
7,L (-8),home,35:26,11,17,.647,3,7,.429,2,3,.667,1,5,6,8,1,0,3,5,27,+12
8,W (+28),away,29:54,9,14,.643,7,11,.636,6,8,.750,2,3,5,6,2,1,3,1,31,+21
9,W (+20),away,31:51,7,13,.538,3,4,.750,4,4,1.000,1,7,8,5,3,0,2,2,21,+16
10,W (+19),away,29:38,7,14,.500,5,10,.500,3,4,.750,0,0,0,11,2,0,0,3,22,+44
11,W (+17),home,33:53,5,19,.263,2,9,.222,4,5,.800,0,5,5,4,2,0,3,1,16,+25
12,W (+24),home,29:48,7,16,.438,2,7,.286,6,6,1.000,0,8,8,8,2,1,2,5,22,+16
13,W (+21),home,29:54,5,12,.417,3,8,.375,9,9,1.000,0,4,4,9,1,0,0,2,22,+29
14,L (-4),away,31:04,3,14,.214,2,9,.222,1,2,.500,2,4,6,5,4,0,5,4,9,-14
15,W (+8),away,34:39,11,22,.500,4,9,.444,9,9,1.000,0,5,5,5,0,1,1,2,35,+3
16,W (+7),away,32:39,14,24,.583,4,10,.400,7,8,.875,3,8,11,7,3,0,6,7,39,+4
17,L (-17),away,30:49,9,18,.500,3,8,.375,3,3,1.000,1,4,5,6,1,0,1,6,24,-17
18,W (+49),home,26:51,10,18,.556,4,11,.364,9,9,1.000,0,7,7,4,2,0,2,2,33,+39
19,W (+15),home,36:28,9,25,.360,3,13,.231,6,6,1.000,0,4,4,6,1,0,2,1,27,+5
20,W (+4),away,39:24,9,20,.450,3,9,.333,7,8,.875,0,5,5,7,0,0,4,5,28,+4
21,W (+21),away,33:03,9,20,.450,3,8,.375,2,2,1.000,1,5,6,10,3,0,2,4,23,+19
22,W (+28),away,30:19,11,16,.688,5,9,.556,3,4,.750,0,2,2,3,2,0,1,0,30,+20
23,W (+10),away,34:27,9,19,.474,5,11,.455,8,9,.889,2,3,5,11,1,0,5,2,31,-1
24,W (+13),home,25:36,13,17,.765,10,13,.769,2,2,1.000,0,4,4,3,0,0,2,0,38,+21
25,W (+3),away,34:29,11,19,.579,6,13,.462,4,5,.800,0,5,5,8,1,0,1,3,32,+7
26,W (+10),away,36:51,10,20,.500,4,10,.400,5,6,.833,0,9,9,5,1,0,3,3,29,+3
27,W (+16),away,29:51,11,21,.524,8,16,.500,15,16,.938,2,4,6,3,3,0,2,2,45,+28
28,W (+10),home,34:50,9,17,.529,5,10,.500,9,10,.900,1,3,4,9,2,0,3,6,32,+3
29,W (+2),away,34:28,6,12,.500,2,7,.286,10,12,.833,0,6,6,9,1,0,3,1,24,-5
30,W (+10),away,33:24,8,15,.533,4,8,.500,3,4,.750,1,3,4,8,2,0,3,3,23,+13
31,W (+7),away,34:55,10,18,.556,6,11,.545,4,4,1.000,0,9,9,4,1,0,2,6,30,+21
32,L (-8),away,36:11,6,20,.300,5,15,.333,2,4,.500,0,1,1,8,2,0,2,6,19,-11
33,W (+11),home,33:16,9,19,.474,8,15,.533,6,6,1.000,0,6,6,7,0,0,2,1,32,+4
34,W (+13),home,37:26,9,14,.643,5,9,.556,2,3,.667,2,3,5,9,3,0,2,2,25,+20
35,W (+4),home,36:48,16,24,.667,8,13,.615,9,10,.900,0,4,4,5,2,0,2,1,49,+6
36,L (-30),away,29:38,4,13,.308,1,7,.143,5,5,1.000,1,1,2,5,0,0,1,3,14,-17
37,W (+15),away,35:35,7,17,.412,3,10,.300,6,6,1.000,1,4,5,6,2,0,3,6,23,+14
38,L (-7),away,35:37,8,16,.500,5,12,.417,3,4,.750,1,5,6,4,2,0,2,5,24,+4
39,L (-20),home,31:49,6,14,.429,2,9,.222,7,7,1.000,1,4,5,5,1,1,3,3,21,-12
40,W (+18),home,29:41,7,12,.583,4,9,.444,2,2,1.000,2,5,7,8,0,0,1,4,20,+3
41,W (+17),home,28:52,7,13,.538,3,7,.429,0,0,,1,3,4,8,2,0,0,2,17,+6
42,W (+46),home,29:53,8,17,.471,3,9,.333,3,3,1.000,2,7,9,7,0,1,3,3,22,+21
43,L (-6),away,34:26,6,17,.353,3,10,.300,2,2,1.000,2,2,4,6,3,0,4,7,17,-7
44,W (+7),home,37:08,14,19,.737,8,11,.727,8,8,1.000,1,5,6,10,2,0,4,4,44,+8
45,W (+32),home,29:49,8,19,.421,5,12,.417,0,0,,1,8,9,6,3,0,2,2,21,+24
46,W (+14),away,30:17,8,16,.500,4,9,.444,1,1,1.000,0,5,5,5,0,0,1,3,21,+25
47,W (+8),away,35:07,5,15,.333,4,9,.444,11,12,.917,0,5,5,3,2,0,3,6,25,+20
48,W (+5),away,23:29,8,15,.533,4,9,.444,8,8,1.000,0,1,1,3,2,0,0,0,28,+2
49,W (+13),home,33:56,12,20,.600,6,12,.500,4,5,.800,1,5,6,4,3,1,2,3,34,+11
50,W (+3),home,2:23,0,1,.000,0,0,,2,2,1.000,0,0,0,0,0,0,0,0,2,-1
51,W (+12),home,25:22,10,18,.556,3,8,.375,6,6,1.000,1,6,7,1,0,1,1,1,29,+9
1,W (+8),home,36:37,11,20,.550,5,9,.556,5,5,1.000,0,8,8,9,1,0,4,3,32,+15
2,W (+1),away,37:07,13,24,.542,5,9,.556,0,1,.000,1,3,4,8,2,0,2,4,31,-3
3,L (-2),away,39:13,10,23,.435,6,16,.375,4,4,1.000,0,4,4,6,0,0,4,2,30,+3
4,W (+20),home,29:40,11,18,.611,6,13,.462,1,2,.500,0,4,4,8,2,0,0,3,29,+18
5,W (+22),home,31:35,15,24,.625,11,16,.688,10,10,1.000,0,4,4,3,0,1,1,2,51,+19
6,W (+28),away,33:24,10,18,.556,6,11,.545,3,3,1.000,1,3,4,2,1,0,2,3,29,+3
7,W (+6),away,36:16,11,26,.423,7,15,.467,6,7,.857,1,6,7,3,1,0,1,2,35,+11
8,W (+25),away,24:50,7,9,.778,2,4,.500,7,7,1.000,0,8,8,5,2,0,3,1,23,+27
9,W (+10),home,36:53,12,20,.600,7,11,.636,6,7,.857,0,2,2,9,2,0,3,5,37,+19
10,W (+17),home,35:28,11,24,.458,4,12,.333,2,2,1.000,1,8,9,7,0,2,3,4,28,+6
11,W (+16),home,32:04,6,17,.353,3,6,.500,4,4,1.000,2,3,5,7,1,1,1,5,19,+26
12,L (-23),home,26:06,5,14,.357,0,4,.000,0,0,,0,1,1,6,0,0,4,2,10,-24
13,L (-9),away,36:30,10,21,.476,3,9,.333,4,4,1.000,0,5,5,3,2,0,4,7,27,-8
14,W (+17),away,29:06,10,17,.588,6,10,.600,4,4,1.000,0,3,3,2,1,1,4,3,30,+22
15,W (+24),away,33:47,11,20,.550,9,14,.643,11,12,.917,0,9,9,7,1,0,1,2,42,+22
16,W (+10),away,35:37,7,17,.412,4,9,.444,2,2,1.000,0,4,4,8,1,0,3,3,20,+9
17,W (+8),home,35:45,12,23,.522,7,14,.500,7,7,1.000,1,6,7,6,2,1,1,2,38,+9
18,L (-20),home,32:32,3,12,.250,2,8,.250,2,2,1.000,1,2,3,3,1,0,1,4,10,-16
19,W (+5),away,36:00,11,23,.478,5,14,.357,8,8,1.000,1,6,7,6,3,0,2,1,35,+18
20,W (+17),home,35:02,6,16,.375,3,9,.333,5,5,1.000,0,7,7,1,2,0,3,3,20,+19
21,L (-5),away,37:00,12,21,.571,5,9,.556,3,3,1.000,1,2,3,3,3,1,4,4,32,-6
22,W (+4),home,39:29,7,22,.318,6,17,.353,2,3,.667,2,3,5,5,2,0,5,3,22,-3
23,W (+2),home,35:39,12,22,.545,6,15,.400,12,13,.923,3,3,6,2,1,0,4,0,42,+8
24,L (-26),home,36:48,5,17,.294,2,8,.250,3,3,1.000,0,2,2,5,1,0,5,1,15,-9
25,L (-1),home,41:38,11,26,.423,6,15,.400,1,3,.333,1,4,5,7,2,2,1,7,29,-3
26,W (+10),away,36:11,6,15,.400,2,8,.250,11,14,.786,1,4,5,8,2,1,1,2,25,+10
27,W (+23),away,31:53,11,17,.647,5,9,.556,7,7,1.000,1,8,9,4,1,0,2,3,34,+15
28,L (-1),home,40:13,14,27,.519,5,15,.333,2,3,.667,0,3,3,6,0,0,4,5,35,+3
29,W (+4),away,38:29,14,26,.538,10,20,.500,4,4,1.000,0,5,5,2,2,0,2,6,42,+12
30,W (+27),home,31:58,5,19,.263,3,12,.250,1,1,1.000,1,6,7,14,1,0,3,1,14,+36
31,W (+37),home,27:12,10,16,.625,5,11,.455,3,3,1.000,2,3,5,8,0,0,0,4,28,+39
32,W (+5),away,36:51,17,32,.531,11,19,.579,3,3,1.000,3,3,6,5,1,2,5,0,48,+9
33,W (+31),away,29:42,10,18,.556,8,13,.615,3,3,1.000,1,5,6,4,0,0,2,3,31,+25
34,W (+7),home,35:08,11,22,.500,9,17,.529,10,10,1.000,1,4,5,3,1,0,3,2,41,+20
35,W (+18),away,33:03,10,19,.526,3,11,.273,5,5,1.000,0,5,5,4,1,1,2,1,28,+9
36,W (+19),away,30:08,3,12,.250,2,10,.200,3,3,1.000,1,4,5,12,1,0,3,0,11,+27
37,W (+8),away,35:28,14,24,.583,2,8,.250,8,8,1.000,0,4,4,3,0,1,2,3,38,+13
38,W (+4),away,38:04,7,15,.467,6,12,.500,4,4,1.000,0,3,3,3,0,0,2,1,24,+4
39,W (+32),away,26:49,10,13,.769,6,8,.750,0,0,,1,5,6,3,2,0,4,3,26,+10
40,L (-9),home,38:12,14,27,.519,10,18,.556,3,4,.750,1,3,4,6,1,0,1,6,41,-6
41,W (+14),home,32:51,5,15,.333,2,9,.222,2,3,.667,0,4,4,2,0,0,2,2,14,+13
42,W (+39),home,28:36,7,12,.583,3,5,.600,2,3,.667,1,4,5,7,2,1,2,3,19,+26
43,W (+10),away,35:33,6,17,.353,3,11,.273,5,6,.833,0,7,7,7,1,1,5,2,20,+13
44,W (+2),home,36:25,9,18,.500,5,10,.500,2,2,1.000,1,3,4,2,2,0,2,2,25,-9
45,W (+7),home,36:10,8,19,.421,5,14,.357,3,3,1.000,0,5,5,4,4,2,3,2,24,+5
46,L (-22),away,32:37,10,24,.417,5,14,.357,7,7,1.000,1,6,7,2,0,0,2,1,32,-10
47,W (+2),home,36:14,12,23,.522,10,16,.625,2,2,1.000,0,6,6,7,2,0,1,3,36,+6
48,L (-6),home,35:42,9,18,.500,5,11,.455,2,2,1.000,0,9,9,7,1,1,3,3,25,-1
49,W (+11),away,35:03,5,18,.278,4,14,.286,2,3,.667,0,5,5,6,4,0,1,4,16,-4
50,L (-1),away,34:23,9,20,.450,4,14,.286,2,3,.667,1,5,6,4,0,0,1,3,24,+5
51,L (-7),away,37:23,12,33,.364,5,17,.294,4,4,1.000,1,7,8,6,0,0,1,3,33,+1
52,W (+3),away,35:56,10,23,.435,5,15,.333,3,3,1.000,1,3,4,2,4,0,4,2,28,+2
53,L (-33),home,30:51,8,16,.500,4,10,.400,3,3,1.000,0,3,3,4,1,0,3,4,23,-21
54,W (+17),home,34:21,6,16,.375,4,10,.400,1,2,.500,0,7,7,4,0,0,4,7,17,+20
55,L (-4),home,34:55,6,20,.300,4,15,.267,2,2,1.000,0,7,7,8,3,1,4,3,18,+7
56,W (+2),away,35:21,8,20,.400,3,9,.333,5,5,1.000,2,2,4,5,2,0,2,1,24,-3
57,W (+22),away,33:06,10,23,.435,5,12,.417,8,10,.800,1,6,7,3,2,0,1,4,33,+19
58,L (-6),away,37:15,9,25,.360,6,18,.333,1,1,1.000,1,6,7,8,3,1,3,2,25,+3
59,W (+10),away,32:35,12,21,.571,8,14,.571,4,5,.800,1,2,3,5,2,0,1,2,36,+15
60,W (+23),home,29:28,5,15,.333,5,12,.417,0,0,,1,3,4,7,1,0,3,3,15,+24
61,W (+7),home,35:26,9,19,.474,5,10,.500,3,3,1.000,2,7,9,3,1,0,2,4,26,+14
62,W (+15),away,33:23,7,20,.350,6,12,.500,8,9,.889,0,10,10,7,1,1,3,1,28,+17
63,L (-1),away,41:55,13,25,.520,11,19,.579,0,0,,0,3,3,5,2,0,2,2,37,+5
64,W (+47),home,27:28,8,14,.571,5,8,.625,4,4,1.000,0,5,5,6,2,1,0,1,25,+37
65,W (+14),home,30:14,6,11,.545,5,10,.500,0,0,,0,4,4,5,3,0,4,4,17,+25
66,W (+18),away,29:29,3,14,.214,1,9,.111,0,0,,1,9,10,7,1,0,1,2,7,+32
67,W (+6),home,36:06,12,21,.571,9,12,.750,7,7,1.000,1,5,6,7,0,1,1,4,40,+5
68,W (+27),home,29:35,11,20,.550,3,10,.300,2,2,1.000,0,5,5,4,1,1,3,0,27,+35
69,W (+9),away,9:25,2,4,.500,1,2,.500,0,0,,0,1,1,1,0,0,0,2,5,+1
1,L (-19),home,29:48,8,20,.400,2,11,.182,5,5,1.000,1,3,4,4,1,0,3,8,23,-19
2,L (-28),away,30:08,7,18,.389,2,9,.222,7,7,1.000,2,6,8,5,0,0,0,2,23,-30
3,W (+11),away,31:00,9,17,.529,4,10,.400,4,4,1.000,1,2,3,11,3,0,5,1,26,+32
4,L (-11),home,21:09,3,11,.273,1,7,.143,2,2,1.000,0,5,5,6,1,2,2,4,9,-13
5,L (-8),home,27:14,6,16,.375,3,12,.250,8,8,1.000,0,6,6,7,0,0,1,1,23,-13
